Data,Month,Year,FIB index,Total catch,Kemptons Q,TL of catch,FCI,Catch PPR,Catch detritus required,Loss of production (relative),Psust,SOI,Ascendency on flow
1,1,1989,0.452361196,1,0.998886347,2.886898994,11.98839378,2.55099082,3.346219063,1,1,0.178853706,25.40966034
2,2,1989,0.337809771,0.942629993,0.997682333,2.87462163,11.32935047,2.842867851,3.507749796,1.05784905,0.923949122,0.177825347,25.37738419
3,3,1989,0.370248735,1.477851033,0.99510473,2.631682158,14.16347599,1.823520303,3.347255468,1.109871864,0.863100231,0.18334496,25.63744164
4,4,1989,0.631927371,2.932214022,0.995982826,2.420710802,12.8032856,2.227489948,3.594538212,1.296191812,0.697150111,0.181491703,25.30047226
5,5,1989,0.116279632,0.962215245,0.995979965,2.731559038,11.41856956,2.755899429,3.344887495,1.157548428,0.813270032,0.17851074,25.18087578
6,6,1989,0.022903483,0.793434918,0.994719088,2.811877966,10.60827255,3.13417697,3.488250971,1.07019186,0.908879995,0.176995918,25.32512474
7,7,1989,0.030789586,0.87883848,0.992682457,2.756136179,10.8507452,3.141890287,3.750613689,1.285913944,0.704434097,0.177945152,25.58574677
8,8,1989,0.751509905,3.683625221,0.991161287,2.393422365,11.95622063,2.791183233,4.36000967,1.779417515,0.491838247,0.180507779,25.84468842
9,9,1989,0.956800401,5.5448699,0.990457773,2.335531712,11.05273438,3.635141611,5.163348675,2.294806004,0.294650912,0.179052025,25.51076126
10,10,1989,0.873606443,5.024176598,0.988778234,2.338009834,11.39070129,3.424464941,5.483561039,2.678687572,0.102277249,0.180051059,25.60534286
11,11,1989,0.981075764,6.066347599,0.987563431,2.317872286,12.02874374,3.329848528,5.797864437,3.057253599,-0.010809692,0.181742013,25.69740677
12,12,1989,0.987135291,6.268224239,0.986977041,2.305422068,12.08590889,3.351397514,5.977156162,3.309957027,-0.007226035,0.182130903,25.56225777
13,1,1990,0.885690212,5.332374096,0.986630857,2.30281353,12.12794018,3.126194477,5.732857227,3.240483046,-0.013073891,0.182324097,25.47219658
14,2,1990,0.808213711,4.654251575,0.986568213,2.304290533,12.04165077,3.08225894,5.706110477,3.348212004,-0.00335313,0.18218857,25.4213829
15,3,1990,0.760501742,4.152385235,0.985904396,2.317976236,13.27854729,2.544628143,5.411911011,3.371618509,-0.000968703,0.184646338,25.62971497
16,4,1990,0.764582336,4.040273666,0.985079408,2.330504656,14.96359825,1.968644261,4.934433937,3.201144934,-0.015126416,0.188133165,25.27441025
17,5,1990,0.574232161,2.600534678,0.98780632,2.360426664,13.21045017,2.571256638,4.561611176,2.914911032,0.015242917,0.184799701,25.05354691
18,6,1990,0.348943383,1.27155447,0.98879981,2.551634073,13.29205132,2.350924492,4.109018326,2.601112604,0.139193505,0.184135288,25.19766617
19,7,1990,0.338608652,1.099582791,0.990161657,2.634949207,12.48553753,2.627343416,4.091463566,2.331494808,0.276554525,0.18247512,25.16464615
20,8,1990,0.35026446,1.017788649,0.990464091,2.698200226,12.59152126,2.578734398,4.062916279,2.156424522,0.358496934,0.182458833,25.29977798
21,9,1990,0.505271196,1.574097157,0.990227997,2.552899122,13.29839325,2.365696907,3.92835331,2.025985956,0.41088599,0.18404521,25.4336834
22,10,1990,0.634447277,2.080295086,0.990610242,2.481324196,12.72906017,2.6065166,3.875303507,1.901334047,0.454026669,0.182998702,25.24846649
23,11,1990,0.602676094,1.852840066,0.990401447,2.52248764,12.52774048,2.607945681,3.819467783,1.789674401,0.48873812,0.182504684,25.23764229
24,12,1990,0.67145896,2.100707293,0.990062773,2.498515129,11.91713715,2.868417263,3.831831455,1.726353407,0.507883906,0.181235269,25.22469139
25,1,1991,0.738179684,2.391306877,0.989148915,2.492425203,11.85252857,2.616631985,3.707762718,1.560575724,0.562373698,0.181130767,25.31844902
26,2,1991,0.897617638,3.5787642,0.988184512,2.421467304,12.63030148,2.36875391,3.888913393,1.620524168,0.54134196,0.183043301,25.47752953
27,3,1991,0.990972757,4.476931572,0.987568438,2.387992382,13.20203876,2.232181787,3.979609251,1.681754231,0.521606147,0.184618294,25.37142181
28,4,1991,0.962888181,4.169605255,0.986737549,2.397679329,13.99941826,1.845445514,3.700833321,1.611924171,0.544236422,0.186629847,25.26085091
29,5,1991,0.88588655,3.348224878,0.988121212,2.405738592,11.26284695,2.550877571,3.627096653,1.509569287,0.582214296,0.180403247,24.9342556
30,6,1991,0.723297358,1.408215284,0.986563861,2.687501192,13.11458778,1.5217067,2.984721661,1.325550079,0.677380085,0.183963284,25.39886475
31,7,1991,0.959081173,3.304677248,0.985894978,2.447359085,14.29560089,1.398511052,2.964801073,1.25712049,0.725895226,0.186901137,25.22279167
32,8,1991,0.9263044,2.694653988,0.984097898,2.503448725,15.88080502,0.935818613,2.514293909,1.038924813,0.947834969,0.190455481,24.72325325
33,9,1991,0.847254753,1.508751035,0.983333886,2.707529783,16.19547272,0.647232711,1.899252057,0.740935624,1.455278873,0.191696152,24.49134445
34,10,1991,0.830381513,0.956687391,0.986852288,3.023864985,13.58643532,0.739614248,1.519158363,0.372370988,2.35375905,0.184715807,24.48024178
35,11,1991,0.85463649,0.875082016,0.9885813,3.146654606,12.18983364,0.92277199,1.502019167,0.198754773,2.757959843,0.178824291,24.70884323
36,12,1991,0.8852368,0.906895399,0.988243341,3.153897524,11.4743948,1.066009879,1.641140223,0.204665005,2.746011257,0.17615588,24.93065071
37,1,1992,1.023969412,2.23711586,0.986664534,2.628246784,10.73441029,1.580021024,1.754850268,0.22870104,2.695670366,0.174026892,25.13172722
38,2,1992,1.175016284,3.67214632,0.984673679,2.505903006,11.25868893,1.721486807,1.813725233,0.278024346,2.584851742,0.175477922,25.40832138
39,3,1992,1.330358267,6.477405071,0.98305583,2.405680656,11.74468422,2.562547207,3.04734683,0.405611157,2.26898241,0.177006826,25.46316528
40,4,1992,1.414694309,8.913666725,0.97931546,2.337566137,8.960349083,5.416901588,4.698474884,0.696639001,1.551394463,0.169347405,25.1855545
41,5,1992,1.452567458,9.435545921,0.976218581,2.347799778,10.78168106,4.221087456,5.48581934,0.945557475,1.079986215,0.173988491,25.76386833
42,6,1992,1.597037911,12.75633907,0.974466383,2.329039097,13.19187641,3.476839066,6.006086349,1.383541703,0.642491698,0.180312976,25.53969383
43,7,1992,1.545477509,12.25804996,0.972742796,2.311118364,14.22716427,2.877800226,5.898285866,1.840837836,0.473124027,0.183623001,25.03679085
44,8,1992,1.418694258,9.400198936,0.971164167,2.312369108,14.66415024,2.21043539,5.205654621,1.873237729,0.463008225,0.185330763,24.75364304
45,9,1992,1.299164891,6.302859306,0.971241295,2.337287903,14.47290802,1.609582186,4.391956806,1.725015759,0.508290768,0.184966147,24.67232513
46,10,1992,1.219322562,4.431427956,0.974884391,2.353874683,11.09699535,1.863165736,3.989655018,1.570230007,0.558838964,0.174656019,24.63855553
47,11,1992,1.174926162,3.046040297,0.974500358,2.453312159,10.78618145,1.741484523,3.641016483,1.43389082,0.616150737,0.172038868,25.01708794
48,12,1992,1.205671072,3.61350894,0.973527193,2.407930374,11.1506176,1.921345592,3.996121407,1.576109171,0.5567168,0.172889993,25.28844452
49,1,1993,1.336463451,6.605949879,0.972630441,2.34870863,11.34897423,2.825692177,4.652925014,1.936253071,0.442530066,0.173141778,25.42202759
50,2,1993,1.41345346,8.259386063,0.971308053,2.336147308,12.32913494,2.886540174,5.074975967,2.293118,0.295473695,0.175826058,25.53406334
51,3,1993,1.444099545,9.522524834,0.970655859,2.301973104,10.09289646,4.524608135,5.864931583,2.68949914,0.097371541,0.17014046,25.16580009
52,4,1993,1.421983123,8.635048866,0.968101561,2.321841478,12.03010559,3.210621119,5.780753613,3.038820267,-0.0086981,0.175194696,25.72302055
53,5,1993,1.508302927,10.94236851,0.9675892,2.300005913,12.19082355,3.602445841,6.147781849,3.348084688,-0.003366228,0.176778585,25.4674015
54,6,1993,1.471157193,10.41726685,0.967220724,2.284032106,10.35497761,4.662161827,6.688992023,3.635868073,-0.015363167,0.171828955,25.15673065
55,7,1993,1.441100478,9.565846443,0.965339482,2.287416458,10.62044239,4.308232307,7.049736977,4.077693462,-0.929656565,0.172320694,25.39455414
56,8,1993,1.517275572,11.65353489,0.964044392,2.278168917,10.5056963,5.024614811,7.789138317,4.552798748,-6.468866825,0.172171488,25.49222565
57,9,1993,1.557848096,12.51818275,0.96234864,2.284506321,12.03448009,4.230237484,7.930234432,4.883761883,-17.20482445,0.176391408,25.83370781
58,10,1993,1.571062684,13.33575439,0.962445438,2.268963575,11.3664608,4.823359966,8.258376122,5.023200989,-24.63358688,0.175376713,25.46862602
59,11,1993,1.51720345,11.74855995,0.961577475,2.270285606,11.68710995,4.272953987,8.184724808,5.188779354,-36.56280136,0.176292479,25.46757317
60,12,1993,1.50744307,11.48560905,0.961337924,2.267170668,11.79016972,4.117985249,8.141634941,5.295815945,-46.46793747,0.176962972,25.43509293
61,1,1994,1.487569094,10.82511139,0.961322308,2.267507792,11.85845852,3.898721218,8.018435478,5.346049309,-51.80549622,0.177293316,25.40229225
62,2,1994,1.472789168,10.22136116,0.961298704,2.271473885,12.2365694,3.543643475,7.808283806,5.352011681,-52.47043228,0.178486839,25.4364357
63,3,1994,1.457886219,9.794216156,0.962171972,2.268864393,11.5672617,3.755866528,7.814382076,5.350346565,-52.28403091,0.176897109,25.28050423
64,4,1994,1.432856798,9.095220566,0.962439001,2.261565208,9.818382263,4.678649426,8.417982101,5.601816177,-87.1957016,0.171354875,25.24973869
65,5,1994,1.455136895,9.475831985,0.961060166,2.268560886,10.48528099,4.537323952,8.853132248,6.149888515,-229.5276184,0.173114792,25.63290596
66,6,1994,1.56646347,12.57240582,0.960476041,2.270952225,10.93103313,5.157410622,9.466424942,6.487761974,-386.1980591,0.174867287,25.79534912
67,7,1994,1.606482267,13.34724998,0.959252954,2.280262947,12.78286076,4.148036957,9.215788841,6.507473946,-397.5156555,0.180332243,25.79855728
68,8,1994,1.590668797,13.05185127,0.959591806,2.27368927,13.12444687,3.842402697,8.76940155,6.148207664,-228.9048767,0.182647929,25.56685257
69,9,1994,1.503970265,10.6938982,0.961821079,2.263237238,11.12621498,4.416755199,8.715834618,5.97877121,-172.8106079,0.177544788,25.15889168
70,10,1994,1.458882451,9.065477371,0.962028742,2.270217657,11.24321556,3.939534903,8.590070724,6.228297234,-260.1524048,0.177283838,25.38370323
71,11,1994,1.468284369,9.245107651,0.96218276,2.274197102,11.6204977,3.851686239,8.616306305,6.332346439,-305.8644714,0.178545401,25.52846718
72,12,1994,1.49347806,10.02092934,0.962605178,2.276494503,11.76905251,3.979713202,8.646427155,6.315235138,-297.9272461,0.178889096,25.54600334
73,1,1995,1.495017767,9.984548569,0.963012695,2.279142857,11.81070232,3.947423697,8.589912415,6.258785725,-272.9258118,0.178974211,25.50910759
74,2,1995,1.488501191,9.618836403,0.963088393,2.284548283,12.40825176,3.543445349,8.333871841,6.175443649,-239.1668396,0.180652127,25.58662415
75,3,1995,1.480474234,9.28003788,0.963562131,2.288595915,12.75263882,3.268018484,7.995694637,5.951990604,-165.0737305,0.181807369,25.49000549
76,4,1995,1.447970629,8.282850266,0.964894772,2.290665865,12.02622604,3.332651854,7.805650234,5.756869316,-116.7772522,0.179821908,25.25947189
77,5,1995,1.421782613,7.300216198,0.965554416,2.299491167,11.75871849,3.216381788,7.659307957,5.734258652,-112.0184555,0.178602323,25.30751419
78,6,1995,1.418357491,7.175845146,0.96604532,2.300213575,11.05247307,3.576483488,7.860395432,5.800728798,-126.4758835,0.176335976,25.31857491
79,7,1995,1.437436581,7.66657114,0.965621531,2.305141687,11.47202396,3.574240923,7.993515491,5.953280926,-165.4399109,0.177195862,25.52700043
80,8,1995,1.48908627,9.040109634,0.965243518,2.30641675,12.3383503,3.476437569,7.98710537,5.92802906,-158.3922424,0.179750651,25.66279984
81,9,1995,1.499474406,9.365465164,0.965516567,2.30402565,12.44324398,3.468413115,7.872058392,5.736124992,-112.4052505,0.180480495,25.50209618
82,10,1995,1.464560986,8.392930031,0.966089427,2.305499315,11.98139858,3.448124409,7.722131729,5.606562138,-88.00038147,0.179339677,25.31515503
83,11,1995,1.434118152,7.497361183,0.966526926,2.307837009,11.29262352,3.564208031,7.749115944,5.627739429,-91.66451263,0.177101254,25.27734947
84,12,1995,1.432454944,7.372385025,0.966241121,2.311114311,11.53351307,3.438127518,7.768229008,5.740484715,-113.312912,0.177366495,25.4426403
85,1,1996,1.464687467,8.340226173,0.966153204,2.308152199,11.76262188,3.558793068,7.84169054,5.751834393,-115.703598,0.177810937,25.51222038
86,2,1996,1.477977276,8.699036598,0.966078997,2.308604717,11.97313976,3.545771837,7.838049412,5.696044445,-104.3339462,0.178255156,25.51128387
87,3,1996,1.479086399,8.413833618,0.964719832,2.323302031,13.96261311,2.605420828,7.257264137,5.449261189,-64.32397461,0.183485299,25.46046257
88,4,1996,1.451680899,8.159948349,0.967573106,2.301854134,11.23043251,3.654406071,7.362310886,5.160560131,-34.25695419,0.176495671,25.07947159
89,5,1996,1.39226222,5.848510742,0.966690063,2.341563702,12.61579895,2.505535126,6.790937424,5.219557762,-39.2179451,0.179125383,25.49701118
90,6,1996,1.405066848,6.445874691,0.967737198,2.329769373,11.76092625,2.969318867,6.90165472,5.10117054,-29.7839756,0.177362844,25.26097107
91,7,1996,1.391107798,5.772687435,0.96734333,2.349720001,12.47855186,2.548680067,6.655304909,5.045463562,-26.02520752,0.178708866,25.45034218
92,8,1996,1.411477327,6.440188885,0.967485785,2.343916416,12.83759594,2.531634331,6.492037773,4.873022556,-16.7168808,0.179853573,25.42655945
93,9,1996,1.394630194,5.935580254,0.967793882,2.35427475,12.97460556,2.338276863,6.198295116,4.648468971,-8.770230293,0.180278957,25.31488037
94,10,1996,1.367866397,5.145244598,0.968219876,2.37334609,13.03670025,2.108644724,5.844089031,4.417263508,-4.044868469,0.180497095,25.22549057
95,11,1996,1.339624763,4.428463459,0.969496429,2.389195919,11.82363796,2.295897007,5.728508949,4.274790287,-2.322526455,0.176960826,25.09247017
96,12,1996,1.321109772,3.862482548,0.969588876,2.408821106,11.67845726,2.216784716,5.600133896,4.311726093,-2.700797558,0.175971568,25.25187302
97,1,1997,1.339846969,4.560726166,0.969423115,2.391795635,11.73517513,2.378927469,5.73810482,4.346346855,-3.096474171,0.175878629,25.36466408
98,2,1997,1.381450057,5.74889946,0.96908325,2.371138811,12.1559906,2.542382956,5.891905308,4.358145714,-3.240984678,0.176862165,25.4722805
99,3,1997,1.405597925,6.421606541,0.968643427,2.363312244,12.89441681,2.418642998,5.855712414,4.270751953,-2.283761024,0.178959876,25.47738457
100,4,1997,1.395112753,6.290307999,0.968760431,2.361738443,13.03297424,2.314841032,5.772094727,4.103260994,-1.06021297,0.179559797,25.32073021
101,5,1997,1.347612381,5.215770245,0.969701946,2.374412775,11.97192764,2.403762341,5.766346931,3.997968912,-0.597628951,0.17641291,25.09893608
102,6,1997,1.311775088,4.23443985,0.969827175,2.397469997,10.90082073,2.557817698,5.964108944,4.079865456,-0.940258145,0.17254819,25.15709496
103,7,1997,1.325927496,4.57124424,0.968647659,2.398355246,12.13462925,2.300121307,6.094637394,4.213143349,-1.782413483,0.175584331,25.55687904
104,8,1997,1.400914431,6.62688303,0.968533516,2.357610226,12.36910629,2.709062576,6.450370312,4.215946674,-1.804677486,0.176463589,25.48700523
105,9,1997,1.394480228,6.275944233,0.966730595,2.375856876,14.39709663,1.970227599,6.088971615,4.012350559,-0.649801552,0.181801468,25.29930115
106,10,1997,1.364950895,5.884044647,0.968833327,2.3608253,12.49091053,2.406709671,6.027808189,3.761763096,-0.099242806,0.177672386,25.00510979
107,11,1997,1.287901044,3.611216068,0.969214737,2.431790113,11.96803379,2.037561893,5.733206749,3.712100029,-0.056106891,0.175331295,25.08860207
108,12,1997,1.27892673,3.31518364,0.969170749,2.446962833,11.84365177,2.042229652,5.775414944,3.721801281,-0.063372776,0.174952865,25.22186661
109,1,1998,1.291202188,3.740171194,0.968906403,2.431524754,11.78422165,2.170645714,6.001140594,3.758810043,-0.096243367,0.174590647,25.31244469
110,2,1998,1.32751441,4.737701893,0.968447208,2.399974585,12.02578354,2.374799967,6.254336834,3.817313194,-0.167441547,0.175138623,25.40637779
111,3,1998,1.354620457,5.559698582,0.968315661,2.375157595,11.38447952,2.876122952,6.663973331,3.912666321,-0.347767979,0.173403293,25.31424904
112,4,1998,1.361156702,5.744155884,0.967438042,2.37309742,11.64173031,2.870844603,6.906128407,4.063639164,-0.863169014,0.174076572,25.43813896
113,5,1998,1.399853945,6.83671093,0.966928899,2.350824833,11.50191593,3.241561651,7.271402359,4.214343548,-1.791920424,0.17391102,25.42768288
114,6,1998,1.414571404,7.1077075,0.965538442,2.354392767,12.99410343,2.676009417,7.126705647,4.255578995,-2.14249444,0.178074703,25.65236855
115,7,1998,1.423477054,7.40561676,0.965002358,2.347311497,13.80433846,2.383438826,6.805729389,4.066214085,-0.875078082,0.181038022,25.37096024
116,8,1998,1.357937098,5.686022282,0.964363754,2.372902393,14.69055462,1.749311447,6.09496212,3.719234467,-0.061398614,0.183996752,25.10734558
117,9,1998,1.286197186,3.857717514,0.965903938,2.416476011,14.0612812,1.459423184,5.446033478,3.353991508,-0.002759695,0.182876334,24.94855309
118,10,1998,1.224075675,2.16358161,0.96715039,2.562405586,13.84719276,1.15395987,4.775813103,3.019282818,-0.006049179,0.181898937,24.94255257
119,11,1998,1.206635118,1.806488514,0.969527721,2.634440422,12.57055378,1.343729019,4.825241089,2.738824606,0.075909674,0.178104058,24.92925453
120,12,1998,1.198661327,1.647842884,0.970635176,2.688210487,11.97516155,1.526914835,5.042528152,2.567792416,0.155777231,0.175741389,25.09508514
121,1,1999,1.198814869,1.744735718,0.970752537,2.667455673,11.79887104,1.64769876,5.243489742,2.495046377,0.192882121,0.175031424,25.2550354
122,2,1999,1.253327966,2.84846282,0.970088065,2.516703606,12.78354168,1.646749973,5.242068291,2.477932453,0.201709569,0.17766048,25.50770378
123,3,1999,1.301818371,4.223805428,0.970056713,2.439928293,12.19413948,2.111263275,5.524016857,2.485486031,0.197811335,0.17651616,25.29997826
124,4,1999,1.29236412,4.183016777,0.969005525,2.443140507,12.83847523,1.949689031,5.610466957,2.458182096,0.211910665,0.178393573,25.38125992
125,5,1999,1.312944293,4.844483852,0.968727946,2.407057762,12.6806221,2.132083178,5.729545116,2.419578314,0.231825516,0.178524375,25.23468971
126,6,1999,1.288234353,4.443134785,0.968445718,2.412290812,12.45913792,2.099126577,5.733654976,2.35773468,0.263388455,0.17800726,25.16039658
127,7,1999,1.277487874,4.275940895,0.968042552,2.413829803,12.55582619,2.017117262,5.708521366,2.294741869,0.294682294,0.178250477,25.18938828
128,8,1999,1.281225562,4.33510828,0.966866791,2.417375088,13.86284351,1.656350017,5.462341309,2.166873217,0.353958219,0.181772381,25.32216835
129,9,1999,1.271615505,4.272024155,0.966748893,2.414597273,14.07253456,1.542675614,5.194696903,1.965643644,0.43252179,0.182887226,25.06367111
130,10,1999,1.192966819,2.754511356,0.96867007,2.486996889,11.79846287,1.72944057,5.164108276,1.784900069,0.490181774,0.176251322,24.85715485
131,11,1999,1.149770617,1.560501099,0.968330026,2.707247496,11.84442997,1.538779378,5.1454916,1.653015852,0.530701399,0.175256208,25.11963272
132,12,1999,1.190299988,2.636803389,0.9680233,2.519711018,11.71407318,1.887090087,5.510284901,1.635417223,0.536410511,0.174666181,25.24328613
133,1,2000,1.253683925,4.023854733,0.967468679,2.435121775,11.71320057,2.274340868,5.895588875,1.705420971,0.514278948,0.174391553,25.32641983
134,2,2000,1.308131695,5.220704079,0.966544449,2.401297331,12.45539761,2.347281218,6.097456932,1.819082856,0.479804069,0.176475018,25.4593544
135,3,2000,1.33716476,6.027038574,0.965984762,2.377570391,12.79093647,2.401267529,6.152890205,1.9021945,0.453748077,0.177841753,25.34242249
136,4,2000,1.309974313,5.646808624,0.965699315,2.376421452,12.73551655,2.313418865,6.053749084,1.911442757,0.450739235,0.178083375,25.20758438
137,5,2000,1.270428181,4.897210598,0.965530872,2.387491465,12.69174862,2.120954037,5.895097256,1.876030445,0.462125003,0.17814742,25.13330269
138,6,2000,1.245468736,4.330988407,0.964917421,2.405618906,13.45757771,1.745063305,5.608306408,1.784532785,0.490292817,0.180292547,25.21862793
139,7,2000,1.227318406,4.003774643,0.965301037,2.413084507,13.31930637,1.665146351,5.396659851,1.658367991,0.528987825,0.180228531,25.05562782
140,8,2000,1.173820019,2.849178076,0.96517396,2.482206821,13.84135818,1.293109655,5.050937176,1.465989828,0.601008534,0.181547612,25.06444168
141,9,2000,1.138752937,2.204840422,0.966956437,2.543231487,12.27327156,1.46953845,5.053560257,1.303551793,0.692051649,0.177157506,24.89434052
142,10,2000,1.107946277,1.449349165,0.967248499,2.734169006,11.98597813,1.433173537,5.213152409,1.142391205,0.828517914,0.175415605,25.07480431
143,11,2000,1.131365538,1.989914894,0.96715039,2.604834318,11.77013683,1.679071546,5.514291763,1.096188188,0.878434539,0.17454569,25.20946693
144,12,2000,1.193313122,3.275098562,0.96675992,2.479349136,11.69596481,2.092712641,5.94939518,1.163095474,0.80782485,0.174146235,25.30220032
145,1,2001,1.258979201,4.650090218,0.966163218,2.418971062,11.67090607,2.527879,6.354867935,1.321276069,0.68016535,0.174143121,25.3524189
146,2,2001,1.306012988,5.665654182,0.965277255,2.391410589,12.29464531,2.5625453,6.502493382,1.500267863,0.586069942,0.17614232,25.46844101
147,3,2001,1.332188845,6.238758564,0.963836849,2.381426096,13.88341236,2.107510805,6.226057529,1.599892259,0.548348725,0.180899054,25.3320179
148,4,2001,1.300027132,5.896692276,0.964217663,2.36937809,13.52311039,2.078690767,5.932201862,1.591742635,0.551178753,0.181021497,25.10136986
149,5,2001,1.184666753,3.737843037,0.965870857,2.413498878,11.24030209,2.217110395,5.945720196,1.550667763,0.566069067,0.174270034,24.91093254
150,6,2001,1.140253425,2.579240084,0.965254486,2.487761974,11.93844509,1.745712996,5.873683453,1.50569427,0.583810866,0.175490871,25.2493782
151,7,2001,1.214218736,4.176700115,0.965064943,2.409958124,12.3364172,2.087434769,6.078886986,1.592059135,0.551068187,0.176707879,25.36041641
152,8,2001,1.252130866,4.923669338,0.96468091,2.394264698,12.96090221,2.084485054,6.061216831,1.652436614,0.530887485,0.178451553,25.3773613
153,9,2001,1.250282288,4.916270733,0.964130282,2.396803617,13.78159523,1.826831937,5.804214954,1.634492993,0.536713779,0.181065604,25.29248428
154,10,2001,1.2061584,4.164467812,0.964847684,2.411999464,13.35789871,1.728804231,5.550526142,1.547767997,0.567164123,0.180567801,25.03682518
155,11,2001,1.126775742,2.525625944,0.965990543,2.507931471,12.46974564,1.536355615,5.395923615,1.428354859,0.618885517,0.177975193,24.95562744
156,12,2001,1.100039244,1.892555594,0.966571331,2.594458103,11.94861507,1.557835102,5.452199459,1.332290769,0.673049629,0.176047102,25.07203484
157,1,2002,1.108581901,2.121079683,0.966595948,2.564685583,11.78719521,1.713181376,5.705821991,1.314637184,0.684553623,0.175243139,25.21312904
158,2,2002,1.172095418,3.363879681,0.966258168,2.463619709,12.19269562,1.960065126,5.962543964,1.386632919,0.640775084,0.176187932,25.36030006
159,3,2002,1.234682322,4.494315147,0.965201855,2.425969124,13.78904915,1.777401567,5.864458561,1.4526788,0.607144058,0.180601135,25.408144
160,4,2002,1.239131331,4.961746216,0.966927946,2.385846853,11.41383362,2.635745049,6.151058674,1.537901163,0.570937932,0.174607486,25.03079987
161,5,2002,1.134399295,2.848091364,0.966232181,2.487987995,10.80722427,2.309952974,6.375819683,1.607355833,0.545788884,0.172091603,25.18571281
162,6,2002,1.21593225,4.454320908,0.965253711,2.409464121,11.28299904,2.696412086,6.775681019,1.83276546,0.475611627,0.173416957,25.45808792
163,7,2002,1.331391931,6.697947502,0.964619339,2.362395525,11.60411549,3.191581011,7.17031002,2.153177261,0.359897286,0.174418554,25.54701805
164,8,2002,1.371979475,7.719867706,0.964115262,2.341918945,11.33305359,3.624355555,7.507310867,2.466394663,0.20766823,0.173875496,25.43843079
165,9,2002,1.37678349,7.886769772,0.963172019,2.33723259,11.77488899,3.449790955,7.586426258,2.7410357,0.074985966,0.175325617,25.51875687
166,10,2002,1.392064333,8.264708519,0.96247673,2.329543591,12.39181519,3.208055019,7.494243145,2.939097166,0.009253226,0.177436605,25.52939796
167,11,2002,1.371778965,7.903540611,0.962480247,2.324312449,12.35715389,3.103015423,7.346032619,3.042179585,-0.009110895,0.177770659,25.3745594
168,12,2002,1.323178649,6.796382427,0.962753415,2.328937054,12.08257198,2.92996645,7.191074848,3.109704971,-0.014796881,0.177140847,25.26004791
169,1,2003,1.293499231,6.001900673,0.962956786,2.336982012,12.02429199,2.745547295,7.076188087,3.177963257,-0.015769975,0.176931515,25.28696632
170,2,2003,1.28796351,5.828566074,0.963383973,2.33770299,11.55868626,2.904679775,7.171109676,3.277200222,-0.01026022,0.175582945,25.28263283
171,3,2003,1.296594381,5.810647964,0.962725461,2.350044489,12.76781082,2.474264622,6.972873211,3.347654104,-0.003410467,0.178814635,25.57516861
172,4,2003,1.325127006,6.597083569,0.964003265,2.331600428,11.56436539,3.127408028,7.213451862,3.406769991,0.002364346,0.176036224,25.25204849
173,5,2003,1.282613277,5.376724243,0.963896453,2.353352785,11.44057846,2.919615269,7.287797451,3.546951294,0.004394377,0.175489739,25.35176086
174,6,2003,1.31916666,6.282330036,0.963791907,2.34057951,11.35922623,3.251749754,7.579414845,3.749787331,-0.087436624,0.175486818,25.43558884
175,7,2003,1.359764099,7.155547142,0.963503301,2.333311796,11.5136528,3.454184532,7.847984791,3.963418722,-0.484734207,0.176121578,25.51724243
176,8,2003,1.397093534,7.84139967,0.962718785,2.334659576,12.82888889,3.010255575,7.705469608,4.071208,-0.898521364,0.18004708,25.71746254
177,9,2003,1.402174115,8.264281273,0.964112759,2.314065933,11.18175793,3.923672199,8.043527603,4.126972198,-1.19300878,0.176174641,25.27360725
178,10,2003,1.341047287,6.44238472,0.963454008,2.337903023,11.89067459,3.180047274,7.898043156,4.288718224,-2.460072041,0.177943334,25.50537109
179,11,2003,1.385198832,7.605010033,0.963666439,2.326381683,12.11258698,3.370923758,7.957667828,4.365489483,-3.333512306,0.179036677,25.51819229
180,12,2003,1.376525521,7.344142437,0.964037299,2.327136517,12.06239605,3.356038094,7.925406456,4.387378216,-3.621368647,0.179023996,25.43667412
181,1,2004,1.361119747,6.878779888,0.964361608,2.331727266,12.07656574,3.266853094,7.854765415,4.402410984,-3.829879999,0.179097429,25.41445541
182,2,2004,1.355431437,6.570776939,0.964324176,2.34017396,12.75334072,2.917337656,7.60301733,4.360199928,-3.266668081,0.181002334,25.52457809
183,3,2004,1.350062966,6.345375061,0.964886427,2.344679117,12.95222378,2.772022963,7.332959175,4.218660355,-1.826426983,0.181844965,25.41525269
184,4,2004,1.314317822,5.311442375,0.966195226,2.359679222,12.18166828,2.855013609,7.193571568,4.098862648,-1.036841512,0.179739416,25.22079468
185,5,2004,1.292315364,4.614592075,0.966802537,2.378639936,11.91695118,2.86700654,7.107821941,4.07410717,-0.912342429,0.178672314,25.28966141
186,6,2004,1.293843627,4.520129681,0.9670825,2.386176825,11.73079395,2.984060287,7.219059944,4.100753307,-1.046841264,0.178118974,25.35407257
187,7,2004,1.315375686,5.065768719,0.967169821,2.375926971,11.34093094,3.354523659,7.53225565,4.197187424,-1.659621239,0.176905811,25.3905468
188,8,2004,1.349841475,5.843903065,0.966783822,2.364769697,11.29061604,3.637671709,7.88902092,4.366735935,-3.349412441,0.176706478,25.48398972
189,9,2004,1.399069667,7.038695812,0.966330767,2.347109318,11.0279274,4.146178722,8.382450104,4.584409714,-7.169359207,0.176078454,25.50627708
190,10,2004,1.43855989,7.88371563,0.965412736,2.342376709,11.86178398,3.883181334,8.522497177,4.780130863,-12.93727398,0.178571835,25.72889709
191,11,2004,1.474274635,8.820780754,0.965126574,2.331186056,12.29698658,3.814680099,8.520037651,4.816691399,-14.33394527,0.180298522,25.62924576
192,12,2004,1.450163364,8.265681267,0.965278387,2.329092741,12.16658115,3.755673647,8.388962746,4.774044514,-12.71561146,0.1803094,25.46361923
193,1,2005,1.41171658,7.198911667,0.965449035,2.335477591,12.12167358,3.544798613,8.19139576,4.745304108,-11.70903587,0.180281714,25.39400291
194,2,2005,1.391035199,6.553749561,0.965703487,2.34204483,12.20854282,3.364454508,7.998418808,4.707740784,-10.48933125,0.180495411,25.40051651
195,3,2005,1.379444718,6.139616013,0.966011167,2.349912167,12.41894722,3.184798241,7.784746647,4.633499622,-8.373297691,0.180984452,25.4196701
196,4,2005,1.368915319,5.743114471,0.966357648,2.360535622,12.73337269,2.965612173,7.511557102,4.506632805,-5.54297781,0.181786239,25.42577744
197,5,2005,1.350412607,5.19135952,0.967422009,2.370731592,12.11332798,3.128201962,7.416463852,4.387394428,-3.621587992,0.18000944,25.27665138
198,6,2005,1.335715771,4.49288702,0.966877222,2.402100086,13.46182156,2.49848628,6.949534416,4.248427391,-2.078258514,0.183292612,25.54781723
199,7,2005,1.342251062,4.65018177,0.966758251,2.40650773,14.44254589,2.127258778,6.44687748,3.90755415,-0.335706174,0.186548755,25.31670952
200,8,2005,1.29600203,3.362213373,0.968518138,2.460963964,13.67397308,2.166154146,5.979421616,3.535003185,0.005423619,0.184927791,25.08721352
201,9,2005,1.257263899,2.136255503,0.970707595,2.587505817,12.24649143,2.670502901,5.770611286,3.299953938,-0.008192101,0.18038933,25.02913666
202,10,2005,1.254235387,1.880731463,0.971030772,2.651602745,12.97624874,2.429192781,5.765452385,3.124536514,-0.015397906,0.181954488,25.29581261
203,11,2005,1.254550934,2.047370672,0.972012222,2.621162415,12.3907032,2.655594349,5.83390522,2.96246314,0.004063896,0.180663511,25.21390343
204,12,2005,1.259091854,2.223574638,0.972437143,2.59636569,11.97103405,2.906042814,6.021984577,2.881762505,0.024445152,0.179047257,25.26471901
205,1,2006,1.277562141,2.73305583,0.972227693,2.547024012,11.83259964,2.867468834,6.193544388,2.87396574,0.026771778,0.178494871,25.3537693
206,2,2006,1.31462574,3.744274378,0.971631706,2.480705738,12.11201286,2.804884434,6.406803131,2.908466816,0.016943032,0.179253682,25.44908333
207,3,2006,1.351360679,4.877184868,0.971352398,2.423854351,11.49749947,3.322777033,6.865579128,2.985635042,-0.000492207,0.17758435,25.34411812
208,4,2006,1.360578299,5.19913435,0.970420063,2.413189173,11.81172943,3.269820452,7.097211838,3.085028648,-0.013288632,0.178342789,25.45376015
209,5,2006,1.397870302,6.226730347,0.969776809,2.383484602,12.03673553,3.369208336,7.2978158,3.174204111,-0.01583083,0.179106072,25.474617
210,6,2006,1.401921153,6.522053719,0.969404399,2.368748665,11.65571499,3.647048235,7.503669739,3.249712706,-0.012438687,0.178044051,25.35814857
211,7,2006,1.396126747,6.251788616,0.967874587,2.37948513,13.30117035,2.810660839,7.168417454,3.23331213,-0.013529848,0.182351902,25.56795311
212,8,2006,1.400919199,6.554405212,0.968243897,2.361468315,13.01328278,2.914638758,6.981194973,3.110255957,-0.014823256,0.182220489,25.2885437
213,9,2006,1.329319715,4.651346207,0.968258858,2.401435137,13.12707233,2.525864124,6.549778461,2.936326504,0.009907738,0.18234624,25.19001961
214,10,2006,1.290762067,3.589051723,0.969441354,2.433459044,11.89261818,2.876277208,6.477813721,2.813420773,0.046826795,0.178694874,25.06738663
215,11,2006,1.270723581,2.840595007,0.969364107,2.488132477,11.95972061,2.952572107,6.406525135,2.763468981,0.065816134,0.178194672,25.25378418
216,12,2006,1.291445732,3.464143991,0.969321132,2.453329086,11.85838985,2.995767593,6.601181984,2.76377821,0.065692432,0.177798614,25.32663345
217,1,2007,1.322267413,4.24760294,0.969065368,2.425189257,11.84207726,3.113678217,6.825824738,2.813396454,0.046835512,0.177597523,25.38242912
218,2,2007,1.35181129,4.954287529,0.968507528,2.40759325,12.36250401,2.985881329,6.904292583,2.866121292,0.029173439,0.179118231,25.48794937
219,3,2007,1.368390203,5.619124889,0.968720555,2.377024412,10.50579834,4.150406837,7.514467716,3.002269268,-0.003396665,0.173942894,25.23899078
220,4,2007,1.351951122,5.098673344,0.967246592,2.395251513,10.94033241,3.85275054,7.833216667,3.265005589,-0.011275802,0.174948096,25.51714325
221,5,2007,1.452175736,7.653271675,0.966400981,2.351028681,10.99892139,4.431444645,8.433095932,3.607693434,-0.006440438,0.175447509,25.60055733
222,6,2007,1.49454391,8.899036407,0.965461731,2.334532261,10.85508728,4.878608227,8.960206985,3.943641424,-0.427499115,0.175193742,25.58757782
223,7,2007,1.51976192,9.525862694,0.964083791,2.332600355,12.12201881,4.175436497,8.905828476,4.197831631,-1.664451957,0.178952783,25.82919502
224,8,2007,1.529408336,10.12328243,0.964087725,2.316099882,11.97691059,4.337874889,8.891452789,4.288116455,-2.454006433,0.179307505,25.5737114
225,9,2007,1.47480166,8.747590065,0.964092672,2.31633544,11.67512321,4.239856243,8.772369385,4.3580966,-3.240374088,0.178635985,25.41706467
226,10,2007,1.445316195,7.910461903,0.964074194,2.317986488,11.59966755,4.111999035,8.697484016,4.458543777,-4.691589355,0.178471446,25.43202591
227,11,2007,1.441862822,7.689682484,0.963902295,2.321688652,12.05457592,3.817644119,8.535357475,4.524712086,-5.892351627,0.179759294,25.54257011
228,12,2007,1.443918824,7.677640915,0.964219749,2.321820498,12.14740562,3.747924805,8.397561073,4.518090248,-5.762451649,0.180215687,25.49839401
229,1,2008,1.426835775,7.079339504,0.964658141,2.328429937,12.12475109,3.636660814,8.233930588,4.488011837,-5.200192451,0.180259407,25.44557571
230,2,2008,1.412185669,6.532763481,0.96511519,2.336478472,12.1582489,3.506874084,8.068972588,4.459924221,-4.714519501,0.180502653,25.4379921
231,3,2008,1.40727973,6.18260479,0.964986145,2.350170612,13.15430164,2.96687007,7.658216,4.360890865,-3.275341034,0.183415025,25.57754326
232,4,2008,1.400371552,5.937053204,0.965723932,2.357590675,13.43929386,2.746412754,7.241912842,4.126476765,-1.190113783,0.184857488,25.40843391
233,5,2008,1.357460976,4.551640511,0.966899455,2.391809464,13.37869453,2.517110348,6.761758327,3.859728813,-0.23661688,0.185001701,25.28093719
234,6,2008,1.322158456,3.489033461,0.968335092,2.435560465,13.12282276,2.549990654,6.351653576,3.606965065,-0.00624631,0.184413075,25.20806122
235,7,2008,1.293102384,2.611768484,0.969643235,2.5129354,12.7929039,2.715340614,6.076449394,3.389594555,0.000791606,0.183426917,25.20981026
236,8,2008,1.274901152,2.055771351,0.970155776,2.611275673,13.15521812,2.477593899,5.835068226,3.1763556,-0.015797533,0.184291661,25.31655121
237,9,2008,1.270031333,2.1989398,0.971697927,2.590092659,11.65980434,3.151858091,6.084182739,3.033305883,-0.00799339,0.179917097,25.17876434
238,10,2008,1.262784958,2.01185751,0.971702158,2.633687973,11.79486942,3.149314642,6.330638409,3.005517483,-0.003927974,0.179596618,25.38602448
239,11,2008,1.310213566,3.36498189,0.971598625,2.496828079,11.38885593,3.284228086,6.635451794,3.067512274,-0.011823019,0.178434283,25.42837715
240,12,2008,1.351862431,4.513435364,0.970915973,2.446992397,11.73180866,3.272736073,6.997142792,3.193249941,-0.015396192,0.179302484,25.55896759
241,1,2009,1.401504397,5.887703419,0.970425904,2.401656866,11.91367722,3.429111958,7.314936638,3.320724249,-0.006157573,0.179992616,25.56472206
242,2,2009,1.414395213,6.364450455,0.969801128,2.388678074,12.28560638,3.340614557,7.394092083,3.384760141,0.000327566,0.181113109,25.55365181
243,3,2009,1.411118031,6.191598415,0.967849731,2.396839142,14.51833439,2.347657442,6.84021616,3.254063606,-0.012121326,0.187273622,25.34337616
244,4,2009,1.377266049,5.555767059,0.967808306,2.394705772,14.80841255,2.061472893,6.233031273,2.919013023,0.014183367,0.189229429,25.07881355
245,5,2009,1.268110871,2.724708319,0.970125914,2.512063265,13.2466135,2.230077982,5.676838398,2.581100702,0.149112597,0.184824795,24.88613129
246,6,2009,1.238108993,1.760777473,0.97238791,2.68637681,11.04538536,3.328546524,5.909081936,2.388796568,0.24761124,0.176662356,24.99162865
247,7,2009,1.237691402,1.621350169,0.972012222,2.744768381,10.33524704,3.89360261,6.589419842,2.345861673,0.269366473,0.173441887,25.27950478
248,8,2009,1.265455604,2.244245291,0.970797241,2.618350744,11.21591091,3.60396266,6.866688251,2.521340847,0.179370001,0.175715804,25.66747284
249,9,2009,1.407545567,5.642539978,0.970000863,2.423268318,12.25863457,3.22586894,7.224239826,2.781023741,0.058909301,0.17863512,25.80132675
250,10,2009,1.44723618,7.038606644,0.969632864,2.382513762,12.27641106,3.466753483,7.489820004,2.931559324,0.011053153,0.179191276,25.5552597
251,11,2009,1.416795015,6.53578186,0.969062567,2.38061738,12.28670597,3.363945484,7.440576553,2.989431858,-0.001182204,0.179628462,25.42811775
252,12,2009,1.392190099,6.057422638,0.968807936,2.378338814,12.06771278,3.361609936,7.3878088,3.023111105,-0.006601639,0.179353639,25.31999397
253,1,2010,1.372770309,5.591483593,0.968574166,2.381826639,11.99355602,3.308239698,7.338031769,3.049183607,-0.009931396,0.179180026,25.32518005
254,2,2010,1.3714782,5.463580132,0.967872858,2.386843681,12.98400021,2.822213888,7.06000042,3.016012669,-0.00556435,0.181891829,25.50209427
255,3,2010,1.372947335,5.489050865,0.96747911,2.388370037,13.90591145,2.419971466,6.639379025,2.854856253,0.032727435,0.184705973,25.38822365
256,4,2010,1.319516659,4.353788376,0.969605625,2.406846762,12.07834339,2.913248777,6.532567978,2.685452223,0.09919998,0.179878756,25.0374527
257,5,2010,1.264635921,2.592653751,0.969569147,2.518734694,12.74179173,2.686325788,6.164851665,2.547451735,0.166052774,0.180772796,25.29124641
258,6,2010,1.265758753,2.856700182,0.970556438,2.500076294,11.91013908,2.946171522,6.306344032,2.460477829,0.210724741,0.1785492,25.20561028
259,7,2010,1.25373435,2.565783978,0.970694423,2.53731966,10.94960213,3.408058405,6.65929842,2.470527411,0.205533594,0.175059065,25.27141762
260,8,2010,1.28966248,3.50377655,0.969847918,2.4748106,10.88588524,3.582466125,7.170557499,2.631223679,0.124542952,0.174507916,25.46709442
261,9,2010,1.38761127,5.71340847,0.968652129,2.40997839,12.5751543,3.104815245,7.337741375,2.843951702,0.036283635,0.179219812,25.86254883
262,10,2010,1.442645669,7.386505604,0.968999088,2.36645031,12.19758415,3.548065901,7.558560371,2.978062153,0.00093168,0.179081261,25.50370598
263,11,2010,1.389703393,6.207025528,0.968723893,2.380298853,12.12001228,3.360374928,7.450126648,3.030567169,-0.007630849,0.179116815,25.39076805
264,12,2010,1.371789694,5.814942837,0.968614042,2.380641222,12.03194332,3.31374979,7.387834549,3.07828784,-0.012763884,0.179200947,25.35826683
265,1,2011,1.360866189,5.535509586,0.968545377,2.382200718,12.01010609,3.269566298,7.343506336,3.114439011,-0.015013264,0.17923671,25.36988258
266,2,2011,1.356643677,5.475782394,0.968736351,2.377872229,11.32555389,3.631948471,7.530753613,3.187612057,-0.015557259,0.177221,25.32012558
267,3,2011,1.361283422,5.403534412,0.967726529,2.389915705,12.72690868,2.965572357,7.310703754,3.237681627,-0.013256041,0.180873245,25.66734886
268,4,2011,1.396425128,6.331533432,0.967879295,2.37016654,13.10589218,2.902093172,7.14439249,3.184088469,-0.01564426,0.182494879,25.47436714
269,5,2011,1.344765544,5.194242001,0.969263732,2.381795168,11.42247677,3.463741779,7.21658659,3.13284111,-0.015636861,0.17780897,25.16777802
270,6,2011,1.302456379,3.83468461,0.969003439,2.42838788,11.27305126,3.387093067,7.253673077,3.203302145,-0.015043925,0.176785722,25.34708405
271,7,2011,1.343155861,4.831674099,0.968021095,2.407788038,12.86059761,2.840375423,7.137469292,3.266164303,-0.011182483,0.181183636,25.73583031
272,8,2011,1.38715148,6.1014328,0.968911946,2.37173152,12.16852093,3.304218054,7.281493187,3.262495756,-0.01147552,0.179922312,25.39211273
273,9,2011,1.335471272,4.760320663,0.969126165,2.403043985,11.62470055,3.326016426,7.296133995,3.284144878,-0.009650918,0.178195342,25.31524658
274,10,2011,1.33813858,4.731820107,0.968656778,2.408060074,12.31730938,3.020644426,7.198709965,3.329974413,-0.00522217,0.180143937,25.51182938
275,11,2011,1.366350412,5.498547077,0.968886495,2.387574434,12.38347149,3.097593069,7.199899673,3.332905769,-0.004923312,0.18068184,25.45077896
276,12,2011,1.348902225,5.085456371,0.969241202,2.395767927,12.1584034,3.106802464,7.148213863,3.314003944,-0.006827518,0.180134416,25.35785484
277,1,2012,1.333199143,4.671678543,0.969451189,2.40733552,12.08303738,3.071098566,7.100695133,3.309700251,-0.007251198,0.179886013,25.36490822
278,2,2012,1.334992766,4.664898396,0.969273448,2.412202358,12.74615765,2.784182787,6.924984932,3.27340126,-0.010584333,0.18171145,25.49563789
279,3,2012,1.343162179,4.765071869,0.968368351,2.418567657,14.43589592,2.153725386,6.428845882,3.083880186,-0.013202685,0.186471701,25.36099052
280,4,2012,1.309962273,4.042158604,0.969296038,2.439197063,14.37805939,2.003862143,5.9161129,2.758867264,0.067666434,0.187297955,25.16620255
281,5,2012,1.23443222,1.990120292,0.972121775,2.624004841,12.37671566,2.581067562,5.591090679,2.473553896,0.203970417,0.181406751,24.95907021
282,6,2012,1.223357439,1.632526398,0.973440051,2.730216742,11.24112415,3.137271881,5.985787392,2.289558649,0.297205329,0.176857606,25.13391685
283,7,2012,1.222125053,1.581415892,0.973154068,2.75819087,10.84772968,3.430939198,6.472548008,2.2631917,0.309898823,0.175310761,25.35111046
284,8,2012,1.269030929,2.657305479,0.972236216,2.574385405,11.6380291,3.138468981,6.648412228,2.41753149,0.23287867,0.177344307,25.6667366
285,9,2012,1.376090169,5.368494987,0.971816838,2.426571846,11.85457802,3.320728302,7.158626556,2.642439604,0.119182609,0.178137511,25.64825249
286,10,2012,1.399757504,6.161405087,0.971169114,2.401193142,12.14350033,3.338315487,7.364089966,2.793066263,0.054314781,0.179200143,25.5819149
287,11,2012,1.400113106,6.356882095,0.970642805,2.388008595,12.34283829,3.266840696,7.364526272,2.873768091,0.026831524,0.180192143,25.50185585
288,12,2012,1.379596829,6.003098011,0.970522702,2.382843018,12.05809307,3.312425613,7.336014271,2.910088062,0.01651125,0.179711938,25.3474369
289,1,2013,1.354935408,5.385266781,0.970227242,2.391257048,12.14093113,3.147166252,7.233891487,2.924573421,0.012775457,0.179911271,25.36331177
290,2,2013,1.357083678,5.268763065,0.969108701,2.400618076,13.7190609,2.465944052,6.797866821,2.836814642,0.038671833,0.184169054,25.49979591
291,3,2013,1.35172677,5.024403572,0.967736423,2.411688805,15.46941376,1.81621623,6.096059799,2.547259331,0.166150451,0.18940033,25.01852417
292,4,2013,1.26919651,3.114861012,0.970293224,2.483355284,13.9697628,1.944939971,5.537616253,2.179536343,0.348391622,0.186373204,24.88420486
293,5,2013,1.216966152,1.581024647,0.972235024,2.747249842,13.37263489,2.096037865,5.180369377,1.811527729,0.482107878,0.18354924,24.94067764
294,6,2013,1.206842899,1.33416748,0.972948611,2.869104385,14.00208282,1.879725575,5.11085701,1.400546432,0.633215249,0.184888974,25.10015297
295,7,2013,1.194574833,1.197707057,0.974780858,2.955877304,12.86882401,2.154123068,5.298135757,1.046128154,0.9386307,0.181676134,24.98358727
296,8,2013,1.19104898,1.143357515,0.975075722,3.010042191,13.25102997,2.02528286,5.420050621,0.843644023,1.252261639,0.181794837,25.13186646
297,9,2013,1.22214818,1.927963614,0.975547254,2.699944019,12.82436848,2.264682293,5.485592365,0.821638167,1.293322444,0.180490538,25.10702896
298,10,2013,1.228117466,2.109914541,0.97555995,2.662626028,12.11569786,2.549622774,5.684409618,0.828914165,1.279595971,0.178107023,25.10863686
299,11,2013,1.244653583,2.448107004,0.974754155,2.615425348,11.86722279,2.628806353,5.897042751,0.873883367,1.198064566,0.177154973,25.20819092
300,12,2013,1.294143677,3.660111904,0.973724127,2.500947475,11.63732243,2.825092077,6.344147205,0.960705161,1.056897283,0.176518783,25.27259827
301,1,2014,1.348428845,5.067978382,0.9726125,2.428266048,11.54659557,3.222970724,6.926582813,1.081284046,0.895676732,0.176332533,25.3258667
302,2,2014,1.393622518,6.274734974,0.971384704,2.392975807,12.2054615,3.180620193,7.217174053,1.181605458,0.790168464,0.178345412,25.45346451
303,3,2014,1.417595387,7.211251259,0.970663071,2.362668991,12.20206261,3.357330084,7.395880699,1.238214612,0.740867734,0.178746536,25.34176445
304,4,2014,1.399688959,7.12945509,0.970073104,2.35000062,11.62589073,3.647734642,7.566170692,1.278620839,0.709721088,0.177196175,25.1942482
305,5,2014,1.388969064,6.887670994,0.968898654,2.353228092,12.39506626,3.18385911,7.447900295,1.290666461,0.701041996,0.17918621,25.35061073
306,6,2014,1.404500604,7.634260178,0.968802094,2.323979139,10.5241642,4.460211277,7.994735241,1.357689738,0.657397747,0.173890844,25.1386261
307,7,2014,1.382450819,7.057811737,0.967174947,2.332687616,10.43506622,4.452644825,8.443304062,1.482247949,0.593774498,0.172999859,25.34527969
308,8,2014,1.477512956,9.210497856,0.965852141,2.319894075,11.02359581,4.643827915,8.845049858,1.711992979,0.512264013,0.174704254,25.59433174
309,9,2014,1.53766942,10.56394672,0.964208186,2.321553946,13.07073021,3.639867306,8.368357658,2.099351406,0.382396609,0.180353329,25.6084671
310,10,2014,1.521339774,10.99456406,0.965127885,2.290999174,11.39554977,4.681855202,8.440120697,2.387197971,0.248427466,0.176976129,25.26875114
311,11,2014,1.434906006,8.614107132,0.964257419,2.304116488,11.77785492,3.922628641,8.159879684,2.579951286,0.149686247,0.177831575,25.33573151
312,12,2014,1.448126554,8.965805054,0.964143336,2.297067642,11.80589199,3.941389322,8.08729744,2.781470299,0.058736768,0.178399101,25.35396004
313,1,2015,1.44117415,8.737477303,0.964065731,2.297739267,11.85930443,3.85140419,8.014084816,2.937741041,0.009572549,0.178605855,25.35728073
314,2,2015,1.439142704,8.519650459,0.963657498,2.304322004,12.70143318,3.349529982,7.715319633,3.025863886,-0.006988809,0.18104516,25.47813034
315,3,2015,1.432573318,8.231081963,0.963474929,2.310456514,13.57778263,2.855398893,7.241609573,2.979948521,0.000571068,0.183945805,25.39796257
316,4,2015,1.385195374,7.166566372,0.965417743,2.309089184,12.3305378,3.108564615,7.028482437,2.895459175,0.020506186,0.181237027,25.05989265
317,5,2015,1.319075108,5.275966167,0.966662407,2.331089258,11.46746159,3.057755947,6.952447414,2.897727251,0.019872351,0.178248823,25.11229515
318,6,2015,1.320474625,5.285816193,0.966829717,2.341605186,11.9770546,2.906317234,6.920840263,2.961849689,0.004192533,0.17942223,25.34772491
319,7,2015,1.373688579,6.602831364,0.967149258,2.33382225,12.32372379,3.056514978,7.022958279,3.032504559,-0.007888173,0.180558965,25.42298698
320,8,2015,1.389301538,6.865446568,0.966788709,2.342244864,13.49952126,2.6164217,6.768569946,2.995640755,-0.002276111,0.183950424,25.4720459
321,9,2015,1.373152971,6.708718777,0.968271971,2.33363533,12.4714489,2.953795671,6.706434727,2.916039705,0.014949572,0.181954876,25.13037491
322,10,2015,1.30736804,5.02900219,0.968779564,2.365398169,12.38589764,2.629465103,6.46784544,2.850004673,0.034295678,0.181385905,25.15075302
323,11,2015,1.307931304,5.073711395,0.969455302,2.364892721,11.99251938,2.814344645,6.492120266,2.829709768,0.041096129,0.180232063,25.17488289
324,12,2015,1.312301159,5.161931038,0.969700933,2.367041111,11.78661251,2.950601339,6.612245083,2.853775263,0.033074915,0.179334074,25.24487114
325,1,2016,1.34006393,5.794618607,0.969651103,2.359900475,11.79549503,3.123372316,6.816042423,2.929854155,0.011468764,0.179168478,25.32348633
326,2,2016,1.371151447,6.559346676,0.969538331,2.348989248,11.60985947,3.424485445,7.102653503,3.047835588,-0.009777689,0.1785741,25.33667374
327,3,2016,1.393148541,7.032480717,0.968983769,2.347386599,12.2201252,3.246025085,7.172719002,3.151398897,-0.015924651,0.180241659,25.46909523
328,4,2016,1.412350297,7.564142227,0.968840539,2.338188887,12.44161129,3.236615181,7.183201313,3.198734045,-0.015214181,0.181170478,25.39941025
329,5,2016,1.391398072,7.207657814,0.969132006,2.333640575,11.76181793,3.49724555,7.253372669,3.234102249,-0.013481282,0.179363802,25.21354866
330,6,2016,1.368570089,6.531221867,0.968591392,2.345585346,12.34714603,3.06774044,7.088642597,3.263094425,-0.011428175,0.18076387,25.34859276
331,7,2016,1.383422971,6.961454868,0.968965232,2.333525419,11.72546482,3.451872349,7.223333836,3.303777456,-0.007826312,0.179161638,25.22963715
332,8,2016,1.369885802,6.403861046,0.968045652,2.351700068,13.03294563,2.74599719,6.908131599,3.281324863,-0.009900858,0.182416692,25.47642517
333,9,2016,1.383712769,6.84018898,0.968697906,2.339295626,12.69501495,2.920668125,6.814502716,3.200614214,-0.01514614,0.182059109,25.23603058
334,10,2016,1.328353763,5.545815468,0.969488621,2.354287863,11.68370152,3.090689182,6.782510757,3.160141468,-0.015945587,0.17891866,25.09622955
335,11,2016,1.307279944,4.91011095,0.969290197,2.372881413,11.95123577,2.863911152,6.715817928,3.185648918,-0.015607036,0.1792126,25.26734924
336,12,2016,1.345178366,5.834942341,0.969374359,2.357221603,11.8628912,3.118424416,6.890332222,3.242943287,-0.012909768,0.178927779,25.30570221
337,1,2017,1.36071229,6.217071533,0.96926558,2.353845119,11.80760193,3.252232075,7.052317619,3.317714214,-0.006458804,0.178645417,25.32814026
338,2,2017,1.37769115,6.616404057,0.968967617,2.350454569,12.08654594,3.2164011,7.132063389,3.393858194,0.001193853,0.179443076,25.38736153
339,3,2017,1.388809085,7.082443237,0.969154716,2.334861517,10.88760757,4.005153179,7.571174145,3.535098314,0.005416641,0.176098093,25.23847008
340,4,2017,1.387624145,6.858095646,0.967992544,2.348599195,12.17320824,3.291033506,7.49968338,3.692479849,-0.042971663,0.179416686,25.59633827
341,5,2017,1.444501758,8.201387405,0.967485726,2.336546898,13.2681284,3.007796526,7.350708008,3.692993402,-0.0432899,0.182963088,25.51055527
342,6,2017,1.410074472,7.527215481,0.967979908,2.334515095,13.13905144,2.887545586,7.029007435,3.540024042,0.005029001,0.183237448,25.25860596
343,7,2017,1.337630987,5.680241585,0.968399107,2.358804703,13.27148247,2.443363667,6.51663065,3.35419631,-0.002738696,0.183660507,25.14468384
344,8,2017,1.291650891,4.442218781,0.969120741,2.388410568,13.41764927,2.139710903,6.029765129,3.132467747,-0.015627602,0.184040532,25.08754349
345,9,2017,1.249523282,3.391160965,0.971025169,2.426796675,12.09956074,2.426590443,5.862815857,2.958813906,0.004835228,0.180001736,24.98453903
346,10,2017,1.222394586,2.547686577,0.971206427,2.503867626,12.64123344,2.267611027,5.59149456,2.831576586,0.04045466,0.180695668,25.2145462
347,11,2017,1.243222117,3.241800308,0.971985996,2.459941864,12.09362125,2.473655224,5.753940582,2.758228302,0.067924663,0.179204702,25.17308235
348,12,2017,1.247511506,3.352764368,0.972101212,2.465322733,11.83154488,2.583269358,5.922842503,2.74720788,0.072425872,0.178082258,25.23609161
349,1,2018,1.283221722,4.16502142,0.971882403,2.432219505,11.81659126,2.750914335,6.196094513,2.81056428,0.04785607,0.177962124,25.31715775
350,2,2018,1.325719118,5.094274044,0.971329153,2.407549143,12.49744415,2.657937527,6.337638855,2.876525879,0.026001161,0.179949,25.45727348
351,3,2018,1.35213089,5.710304737,0.970640719,2.39410758,13.54094887,2.351004839,6.213575363,2.840174913,0.037541501,0.18320778,25.4153347
352,4,2018,1.325956464,5.30169487,0.971051931,2.392838001,13.31551456,2.30396843,5.989181042,2.705772638,0.090117998,0.183316693,25.15215683
353,5,2018,1.252653837,3.678672075,0.971941292,2.443826914,12.51049709,2.251505375,5.741027355,2.567513466,0.155917451,0.181037962,24.9883213
354,6,2018,1.213035226,2.604037523,0.971881032,2.524532557,13.05657482,1.958523393,5.416685581,2.417313337,0.232990831,0.182088092,25.1404171
355,7,2018,1.221577406,2.866337299,0.972332239,2.504322529,13.11125565,1.967897534,5.285179138,2.258939981,0.311922342,0.182162434,25.11949158
356,8,2018,1.195446968,2.377144814,0.973445117,2.557004929,11.54067039,2.450296879,5.419016361,2.161660194,0.356228918,0.177217811,25.0114212
357,9,2018,1.167791605,1.655285358,0.972880065,2.706258297,10.61974525,2.77823782,5.777397156,2.190135479,0.343677282,0.1736027,25.18621826
358,10,2018,1.242430449,3.380656958,0.971678972,2.492500544,10.82944584,3.023563623,6.42428875,2.417450905,0.232920051,0.173902497,25.44281578
359,11,2018,1.374702096,6.204241276,0.970750213,2.397382975,11.60394669,3.337843418,7.084209919,2.781307936,0.058799528,0.176130563,25.66972351
360,12,2018,1.439274907,7.933965683,0.970200121,2.36157012,11.74950504,3.687757969,7.540132523,3.093451262,-0.013875867,0.176930502,25.55205536
361,1,2019,1.432464361,8.033032417,0.969520569,2.349994421,11.69299412,3.771097422,7.719820499,3.317685843,-0.006461631,0.177138522,25.43135452
362,2,2019,1.417829752,7.820314884,0.96883446,2.343492985,11.71123791,3.712991953,7.776186943,3.502183914,0.006786924,0.177494496,25.38396072
363,3,2019,1.41315794,7.508958817,0.967139184,2.352774382,13.66995335,2.710706949,7.27063942,3.513219357,0.006548523,0.182914898,25.43643379
364,4,2019,1.394505739,7.389021397,0.968790889,2.33160615,12.15053749,3.259786844,7.192862988,3.440791845,0.00497239,0.17976594,25.11167145
365,5,2019,1.306573749,4.774646759,0.968003392,2.386643648,13.4625721,2.223510981,6.508018017,3.329951763,-0.005224458,0.182694495,25.38419151
366,6,2019,1.296734929,4.64546299,0.96922195,2.386165142,13.05726433,2.279080391,6.2145257,3.157273293,-0.015946643,0.182245076,25.11582947
367,7,2019,1.249374151,3.365768194,0.970638216,2.437794209,12.19813824,2.374755859,5.974465847,3.023013353,-0.006587731,0.179398179,25.06433487
368,8,2019,1.228953481,2.665270329,0.970448077,2.502714396,13.32365036,2.004218102,5.600615501,2.885409832,0.023377666,0.182105765,25.34588623
369,9,2019,1.237099171,3.07220602,0.971883059,2.475112438,12.35333443,2.271449089,5.663709641,2.765329361,0.065072745,0.179899976,25.11222267
370,10,2019,1.206975341,2.170475006,0.972288787,2.582144499,12.11481857,2.261906862,5.603482246,2.697860241,0.093624659,0.178800732,25.19576263
371,11,2019,1.222618699,2.64974165,0.97257185,2.529943466,11.20042133,2.66524291,5.950178623,2.746030092,0.072912283,0.17610468,25.22156525
372,12,2019,1.255602837,3.3690207,0.971893013,2.485080004,11.50160122,2.699784517,6.292912006,2.894556999,0.020759741,0.176797017,25.42849541
373,1,2020,1.341568232,5.324903965,0.971456051,2.407429218,11.70038414,3.055499315,6.779436588,3.11472702,-0.015025677,0.177633122,25.49957848
374,2,2020,1.380277753,6.287083626,0.970893145,2.385296345,12.17677498,3.071495056,7.007953167,3.28678894,-0.009413548,0.179265961,25.53774643
375,3,2020,1.390831232,6.592168331,0.970122516,2.37795949,13.20937347,2.678316593,6.852765083,3.322386026,-0.005990534,0.182546824,25.53498268
376,4,2020,1.36645329,6.078192234,0.969354987,2.38284564,14.32741547,2.141531467,6.349488258,3.154983282,-0.01594195,0.186249912,25.21181679
377,5,2020,1.296240449,4.477702618,0.969640076,2.415020704,14.58011341,1.742635846,5.678297043,2.84414649,0.036219161,0.187752411,25.07007408
378,6,2020,1.214466095,2.404358864,0.971566856,2.536401033,13.70872593,1.740334988,5.046230316,2.518019915,0.181071892,0.185415447,24.85899925
379,7,2020,1.179951429,1.459900141,0.973760664,2.765618324,12.49722385,1.890658021,4.841090679,2.222158432,0.329138994,0.18112056,24.90844154
380,8,2020,1.173371196,1.265007138,0.974582016,2.873420477,12.41345978,1.909653783,4.941148758,1.97317934,0.429902434,0.180123225,25.100811
381,9,2020,1.173278093,1.365305066,0.975107908,2.836385727,11.43541813,2.261528969,5.254466534,1.864496231,0.465760469,0.177011251,25.15340042
382,10,2020,1.211511374,2.074552774,0.974538684,2.649362087,11.92752647,2.282520294,5.451321602,1.862132072,0.466501713,0.177915782,25.3969841
383,11,2020,1.287869334,3.714938879,0.974095106,2.494180202,11.81918526,2.492571115,5.823070526,2.004392385,0.418806046,0.177808806,25.40123367
384,12,2020,1.328232884,4.819954872,0.973365963,2.438959122,11.70606327,2.838258505,6.317288399,2.169816971,0.35267061,0.177612334,25.37433243
385,1,2021,1.360794067,5.705666542,0.972535729,2.404733896,11.65353775,3.10734725,6.706093788,2.3573668,0.263574094,0.177685574,25.37200737
386,2,2021,1.386226773,6.394309521,0.97163707,2.383708,11.97640228,3.12678194,6.919306278,2.530975342,0.174442112,0.178799167,25.42445374
387,3,2021,1.402437806,6.775199413,0.970338941,2.376905441,13.39025879,2.58245492,6.713243484,2.588402033,0.145478442,0.18288058,25.45568085
388,4,2021,1.384628534,6.95223093,0.971390307,2.340488672,10.27576637,4.190395355,7.267690659,2.696479082,0.094240665,0.174397707,25.06970024
389,5,2021,1.302569985,4.608621597,0.969546437,2.405416727,12.50560665,2.525501966,6.852924347,2.793299198,0.054227114,0.179769188,25.68607521
390,6,2021,1.410721302,7.280235767,0.970036507,2.349189281,12.34663582,3.123910904,7.08604908,2.916419744,0.014851158,0.180154175,25.43117905
391,7,2021,1.369228601,6.348722458,0.970008492,2.360638857,12.21286297,2.99717474,6.973928928,2.924518824,0.012789127,0.179605231,25.28732872
392,8,2021,1.34622097,5.909628868,0.970280111,2.357831001,11.14663601,3.405984163,7.167160511,3.003771067,-0.003643759,0.176497132,25.18210793
393,9,2021,1.337346554,5.593785286,0.969564259,2.365119696,11.23433495,3.335860729,7.339384079,3.163934946,-0.015932441,0.176363006,25.35733032
394,10,2021,1.396646976,6.955730915,0.968947172,2.347211599,11.57817459,3.535629034,7.617190838,3.373725653,-0.000757968,0.177334428,25.49356842
395,11,2021,1.43448627,7.846400738,0.968415201,2.338574409,12.05552387,3.510895252,7.729183197,3.532737017,0.005584343,0.178815901,25.5557785
396,12,2021,1.439068913,8.047104836,0.968336523,2.331030369,11.94952106,3.608045101,7.775483608,3.632810593,-0.014255354,0.178915605,25.41304016
397,1,2022,1.418086529,7.530029774,0.968251944,2.332043648,11.81408787,3.559974194,7.746413708,3.71981883,-0.061844774,0.178779989,25.35037231
398,2,2022,1.411067963,7.216073036,0.967780471,2.33831811,12.61165714,3.090584517,7.488852501,3.752753496,-0.09027303,0.181174025,25.49703789
399,3,2022,1.410739779,7.135850906,0.967738986,2.340332031,13.30518723,2.736067295,7.117526054,3.652555943,-0.022056507,0.183563098,25.4119854
400,4,2022,1.372310042,6.07948494,0.968111753,2.355450392,13.76194763,2.316095352,6.573732376,3.42725563,0.004033036,0.185263202,25.26250458
401,5,2022,1.309791088,4.492165565,0.970421195,2.382313013,12.29451275,2.44348073,6.295534611,3.230690002,-0.013687998,0.181429356,25.00382042
402,6,2022,1.266402483,3.211647272,0.971433818,2.439790249,11.91648197,2.440832853,6.049042225,3.133974552,-0.015664123,0.179556087,25.15524101
403,7,2022,1.260492563,3.046064377,0.971778691,2.465717316,12.12614727,2.339865446,6.055422306,3.087587357,-0.01347504,0.180006042,25.30779076
404,8,2022,1.298101068,4.105980873,0.972054183,2.424953699,12.37833595,2.443173647,6.179883003,3.068239212,-0.011890463,0.180618271,25.38352203
405,9,2022,1.317690849,4.648603916,0.972478867,2.409490585,12.03863525,2.691581488,6.356626987,3.066982746,-0.011773524,0.179741383,25.3076992
406,10,2022,1.31913662,4.664655685,0.972303987,2.415161848,12.40009403,2.569806814,6.363385677,3.067733526,-0.0118436,0.180731192,25.38307953
407,11,2022,1.335023999,5.134059429,0.972687125,2.395573378,11.71037102,2.96321559,6.586853981,3.101918221,-0.014390266,0.179009333,25.26073456
408,12,2022,1.326238275,4.891078472,0.972352982,2.404461622,11.69695377,2.944488525,6.712866783,3.174080372,-0.015832622,0.178753644,25.34053993
409,1,2023,1.360424876,5.671983242,0.972028077,2.385215044,11.78907299,3.103281736,6.927436352,3.279926777,-0.010023514,0.179016635,25.40412331
410,2,2023,1.385352135,6.20746994,0.971471131,2.377646446,12.49631119,2.910220623,6.935956478,3.337604761,-0.004442524,0.18099238,25.51202011
411,3,2023,1.3985852,6.286754131,0.969319224,2.389225483,15.15311813,1.960934401,6.337734699,3.154646635,-0.015940843,0.188124195,25.14875412
412,4,2023,1.351855636,5.633059978,0.972195923,2.370736361,12.85981846,2.486194849,6.102940083,2.893135548,0.021160997,0.18351008,24.94062996
413,5,2023,1.243060708,2.50142169,0.97239995,2.530101299,13.39267349,1.873407125,5.366408825,2.650387287,0.115419403,0.18372789,25.09609032
414,6,2023,1.222936511,1.88109839,0.971881568,2.646289349,14.76162338,1.447799444,4.820803165,2.319433212,0.282547057,0.187645316,25.18642044
415,7,2023,1.204443216,1.517263293,0.97268343,2.765109777,14.8111124,1.312283039,4.413409233,1.922819734,0.447000504,0.188240096,24.95284462
416,8,2023,1.186151624,1.153896928,0.974142075,2.957214594,14.55762768,1.26681006,4.207563877,1.480478883,0.594548225,0.187180623,24.82965851
417,9,2023,1.169982553,0.920241475,0.976750076,3.172157526,12.97309589,1.527514935,4.295880795,1.044509768,0.940686524,0.18208912,24.77895355
418,10,2023,1.162245274,0.807137311,0.977938414,3.333310366,11.06603909,2.049871683,4.91601181,0.734111607,1.469765425,0.174972191,24.94700813
419,11,2023,1.174950957,1.093419671,0.977206409,3.069973469,11.32798672,2.097061157,5.423621178,0.700739741,1.542294025,0.175017044,25.26830864
420,12,2023,1.287007093,3.011471272,0.976390481,2.57383585,11.49536896,2.351380587,5.685595036,0.767425716,1.400189757,0.175513983,25.43914413
421,1,2024,1.370459676,5.098380566,0.975317717,2.455248594,11.54693508,2.900153637,6.403151512,0.957847178,1.061204076,0.175843686,25.4499855
422,2,2024,1.420918465,6.693586349,0.974110782,2.397921085,11.82612801,3.254679203,7.018879414,1.131192088,0.84013623,0.177013874,25.45272255
423,3,2024,1.439744592,7.42735815,0.972488225,2.376603365,13.24407196,2.757217884,6.980324268,1.204024553,0.769816458,0.181296796,25.40442467
424,4,2024,1.4204216,7.478591442,0.971894979,2.35432744,13.43261909,2.617225885,6.684370518,1.282130957,0.707164109,0.182665467,25.16609573
425,5,2024,1.344427347,5.968541145,0.972202778,2.360299587,12.65526867,2.543671608,6.396065712,1.213046432,0.761936963,0.180684119,24.91945267
426,6,2024,1.282281756,4.44822073,0.972196758,2.392139196,12.5828476,2.170953035,6.13574934,1.06298697,0.917627752,0.179903731,24.95551872
427,7,2024,1.268837571,4.193964005,0.972724378,2.392216921,11.44300365,2.497782946,6.287077904,0.989296019,1.015072942,0.176061004,24.97570419
428,8,2024,1.270257354,4.084526062,0.972001493,2.41023469,12.24090004,2.219180584,6.258849621,0.992662191,1.010298729,0.177504957,25.23836708
429,9,2024,1.336374998,5.456161499,0.97099334,2.387172461,13.79571533,2.008385897,6.129803658,0.988771856,1.015819192,0.181611478,25.27502632
430,10,2024,1.32962656,5.673796654,0.972296774,2.36483717,12.18876076,2.560343742,6.226796627,0.983689249,1.023094893,0.17787005,24.96021461
431,11,2024,1.252693534,3.898869514,0.972188652,2.425154209,11.60646248,2.328989744,6.20083189,0.996800005,1.004472852,0.175679937,25.01236916
432,12,2024,1.277177215,4.415438175,0.97174561,2.403533459,11.50295353,2.505359888,6.409778118,1.045543551,0.93937242,0.175443605,25.17006493
433,1,2025,1.334134579,5.684227943,0.971125305,2.375888348,11.50557327,2.912811756,6.811932087,1.147221446,0.823599696,0.175433651,25.27525902
434,2,2025,1.379742026,6.876522064,0.970404923,2.348418951,10.6103878,3.785699844,7.480901241,1.296069145,0.697236001,0.172956824,25.2481823
435,3,2025,1.415449619,7.646268368,0.969053924,2.344234467,11.3664856,3.638573647,7.79366827,1.480374336,0.594594061,0.175104097,25.50618553
436,4,2025,1.482806563,9.594841957,0.968409657,2.315212727,10.67556763,4.616504669,8.336679459,1.917968035,0.448600024,0.173553452,25.38238144
437,5,2025,1.492998242,10.07940865,0.966829598,2.305386782,10.06091785,5.32596302,8.959114075,2.376294613,0.25398308,0.171719298,25.39543152
438,6,2025,1.541518688,11.3287468,0.965130508,2.300403118,10.60698128,5.273518562,9.357590675,2.915474176,0.01509637,0.173438713,25.63736916
439,7,2025,1.597182035,12.98947334,0.964047611,2.290645361,11.05309677,5.339177608,9.634899139,3.433663845,0.004496071,0.175099105,25.72891808
440,8,2025,1.59877634,13.11770821,0.962911248,2.287744999,12.09942913,4.614004612,9.392793655,3.757792711,-0.095223524,0.178367987,25.77881813
441,9,2025,1.568560839,12.78509903,0.963331878,2.270568848,11.06759739,5.268075943,9.491033554,3.975946903,-0.523711622,0.176266819,25.37425613
442,10,2025,1.510397673,11.05514622,0.962870717,2.270042896,10.88360023,5.027183056,9.513267517,4.249815464,-2.090611935,0.175697312,25.40105247
443,11,2025,1.521968484,11.21545029,0.962366045,2.272415876,11.42004395,4.721155643,9.464419365,4.508512974,-5.578539371,0.177415535,25.58109283
444,12,2025,1.538937211,11.56898022,0.962317824,2.273551941,11.78312969,4.573285103,9.36777401,4.651721001,-8.858385086,0.178856477,25.60916901
445,1,2026,1.525197983,11.03016567,0.962577283,2.273980856,12.04598904,4.283987522,9.126494408,4.71434021,-10.69602489,0.180039838,25.55031204
446,2,2026,1.503084421,10.23568726,0.963200092,2.27647686,12.16977692,4.024492741,8.83609581,4.703475952,-10.35744953,0.180756941,25.46266937
447,3,2026,1.478790998,9.335503578,0.964039385,2.281798601,12.31056404,3.731429815,8.498332024,4.649825096,-8.806911469,0.181434229,25.41433334
448,4,2026,1.456544757,8.574568748,0.965365589,2.286057949,11.96786118,3.721720219,8.29692173,4.592765331,-7.364058495,0.180735976,25.32394981
449,5,2026,1.433238983,7.887482166,0.966704249,2.28498745,10.44817638,4.481412888,8.656460762,4.685632706,-9.819730759,0.176191911,25.26072311
450,6,2026,1.436311722,7.936255932,0.965238273,2.280166149,8.713175774,6.174016476,9.966349602,5.152295589,-33.6042099,0.170115352,25.39952087
451,7,2026,1.525451541,10.33593273,0.962856591,2.285104275,9.160344124,6.908658981,11.28631115,6.034662724,-189.9106445,0.17149505,25.82948494
452,8,2026,1.708337307,15.28220844,0.961860061,2.29122138,10.59962559,6.786426067,12.06827831,6.807542324,-606.2216187,0.176055953,26.3008213
453,9,2026,1.766136289,17.66914177,0.961794019,2.277687311,10.66801167,7.256953239,12.51550102,7.09571743,-884.0045776,0.177050531,26.0124855
454,10,2026,1.732514143,16.61715889,0.960815847,2.27536273,11.7361002,6.063882351,12.00994778,7.195707798,-1001.876953,0.180568203,26.02852058
455,11,2026,1.692368984,15.57774734,0.960827291,2.268268347,12.28212452,5.36292696,11.24803829,7.015218735,-797.6148071,0.183029339,25.84983444
456,12,2026,1.623313189,13.26413631,0.96175462,2.265171289,12.32353878,4.829359531,10.43637943,6.742911339,-555.0314331,0.183608577,25.61211205
457,1,2027,1.567255855,11.04312611,0.963310421,2.26866293,12.25778103,4.36993742,9.700565338,6.513510227,-401.0351563,0.183323711,25.47726059
458,2,2027,1.536185861,9.649220467,0.964681804,2.279961348,12.76617813,3.775259733,8.901286125,6.25591135,-271.7000732,0.184358433,25.54780769
459,3,2027,1.509361029,8.591564178,0.967280865,2.286028385,11.92312908,3.961392879,8.485918999,5.956202984,-166.2716675,0.181984022,25.33987999
460,4,2027,1.484604359,7.578789711,0.969156921,2.293585539,10.64055443,4.572527409,8.585690498,5.919821739,-156.1549988,0.177604333,25.34036636
461,5,2027,1.487770081,7.407771111,0.969141901,2.300998688,9.874034882,5.261298656,9.206112862,6.203993797,-250.3236084,0.174911678,25.49871826
462,6,2027,1.540102005,9.019454002,0.967900634,2.299678087,9.52508831,6.287415028,10.36044121,6.72010994,-537.8416138,0.173682496,25.69628906
463,7,2027,1.653690696,12.01964569,0.966579258,2.311976194,11.79745197,5.157948494,10.52443218,7.169923306,-970.3134766,0.180034265,26.23967552
464,8,2027,1.711938977,14.31534195,0.967371225,2.295175314,11.70183754,5.626829624,10.7250824,7.040896416,-824.381897,0.181062728,25.88847351
465,9,2027,1.661892533,12.23570061,0.966441333,2.305358887,13.22883987,4.206516743,9.866382599,6.777336121,-581.8358154,0.18552202,25.74912834
466,10,2027,1.619577765,10.9708271,0.967588425,2.301145792,13.16863441,3.894911766,9.112870216,6.302474976,-292.1182556,0.186649933,25.54147911
467,11,2027,1.550341368,8.296660423,0.969331324,2.314851284,12.85730839,3.482272863,8.349017143,5.923570156,-157.173584,0.185726613,25.34993935
468,12,2027,1.507627249,6.727078438,0.971351624,2.330861807,12.45850277,3.362600327,7.765672207,5.628097534,-91.72755432,0.184230551,25.30208969
469,1,2028,1.478484631,5.561201096,0.972987354,2.354568481,12.22060204,3.336337805,7.356916904,5.3885355,-56.69540787,0.183022335,25.34841537
470,2,2028,1.458420038,4.994520664,0.974501073,2.367489815,10.3948946,4.334713936,7.65360117,5.308221817,-47.74299622,0.177032739,25.29605865
471,3,2028,1.459118605,4.765254498,0.973920226,2.392575502,11.1109848,3.922283649,7.757997513,5.50719595,-72.35372162,0.178287625,25.66483688
472,4,2028,1.533972144,7.591989994,0.973766029,2.348882914,10.27960968,5.107784271,8.688660622,5.706975937,-106.4871292,0.175858006,25.59863663
473,5,2028,1.575859547,8.635009766,0.972591579,2.352529049,11.48848343,4.53473711,8.920783043,5.955729008,-166.1364441,0.178942829,25.97332191
474,6,2028,1.632681012,10.4770813,0.972162783,2.337367535,12.38675976,4.272938251,8.930135727,5.92482996,-157.5171051,0.182006121,25.9109993
475,7,2028,1.611151218,9.867062569,0.972093582,2.334353924,12.71849728,3.916620493,8.537825584,5.669715881,-99.29263306,0.183487639,25.65978241
476,8,2028,1.561249614,8.221431732,0.972892284,2.338019371,12.07155418,3.902065754,8.167468071,5.432148457,-62.0952034,0.18206732,25.37748528
477,9,2028,1.523854256,6.418644905,0.972458303,2.366553783,13.26165581,2.957578182,7.413313389,5.205516815,-37.98815155,0.184998006,25.60497284
478,10,2028,1.507491708,6.056352139,0.974464893,2.364204884,11.90083599,3.45935297,7.211758137,4.912135601,-18.54858017,0.18151319,25.23573875
479,11,2028,1.476733804,4.515860081,0.974812865,2.412367582,12.26613998,3.136999846,6.73699379,4.763958454,-12.35488892,0.181512862,25.42623901
480,12,2028,1.473348141,4.498167515,0.975524664,2.420813799,12.1157856,3.166811466,6.606274128,4.589130878,-7.278862,0.181064233,25.40695381
481,1,2029,1.469951391,4.432846546,0.975955546,2.432526588,12.09378052,3.165112495,6.48231554,4.440651894,-4.402163029,0.180575252,25.4371891
482,2,2029,1.472452402,4.571774483,0.976139426,2.435814381,12.31834507,3.069412708,6.357961655,4.29920578,-2.567679167,0.180985704,25.48523331
483,3,2029,1.472022772,4.704116821,0.976677775,2.432138205,11.70029545,3.383849382,6.451644421,4.194272518,-1.637895584,0.17919977,25.37419891
484,4,2029,1.46986866,4.436612129,0.975700557,2.456521511,13.34540462,2.636353254,6.21866703,4.066907883,-0.878309429,0.183343992,25.69944191
485,5,2029,1.48320663,5.132421494,0.976495385,2.425263882,13.15156937,2.736129522,6.185219288,3.817317724,-0.167448044,0.183590397,25.38655853
486,6,2029,1.434334159,3.410823584,0.976746857,2.511382818,13.49657917,2.431859493,5.772770882,3.511992216,0.006585399,0.184351951,25.33012199
487,7,2029,1.40908289,2.463264227,0.976989925,2.607110023,14.10527515,2.304304838,5.316413403,3.147930861,-0.015896263,0.186001375,25.29157448
488,8,2029,1.385391712,1.796572089,0.978983939,2.754210949,12.98865509,2.585585594,5.185637474,2.771798611,0.062508546,0.182803079,25.05917358
489,9,2029,1.373657823,1.476747274,0.980184138,2.895051479,12.72943974,2.720171452,5.290746689,2.431143522,0.225868255,0.1810444,25.15021133
490,10,2029,1.363371491,1.343309045,0.981178284,2.976354599,11.95335293,3.071596861,5.55860424,2.161631107,0.356241494,0.178387865,25.1731987
491,11,2029,1.368957996,1.703150272,0.981217682,2.835852861,11.92575073,3.216989994,5.842763424,1.976652861,0.428687394,0.177621379,25.32232094
492,12,2029,1.393568873,2.504465342,0.980970204,2.653860807,11.7627697,3.476015091,6.137011051,1.921100378,0.447568208,0.176902875,25.38695145
493,1,2030,1.414317727,3.34545064,0.980196297,2.578428984,11.73873329,3.244848251,6.484482765,1.939009547,0.441604912,0.176646948,25.4276371
494,2,2030,1.443567157,4.458596706,0.979236007,2.497248411,12.38268185,3.077486515,6.836884975,1.977000117,0.428565651,0.178397924,25.52720642
495,3,2030,1.458612084,5.426343918,0.978641927,2.433305025,9.957986832,4.855205536,7.834958553,2.12057662,0.373686016,0.171221226,25.21522713
496,4,2030,1.4422822,4.777132034,0.976573765,2.471118212,11.43661594,3.808485746,8.026067734,2.263551712,0.309727103,0.174896255,25.7015152
497,5,2030,1.545511961,8.030035973,0.976072669,2.379584551,11.17628956,4.612674713,8.658658028,2.602240801,0.138638228,0.174555287,25.57771873
498,6,2030,1.543507814,8.318609238,0.974795222,2.364686012,10.26109028,5.49835062,9.327360153,2.897552013,0.019921098,0.171630383,25.42354393
499,7,2030,1.561424017,8.639388084,0.97266233,2.370319605,12.40924358,4.042841434,9.031685829,3.139302015,-0.015775237,0.177309051,25.85384369
500,8,2030,1.592195392,9.965924263,0.972352147,2.343239069,12.85582733,3.908575296,8.760080338,3.22974658,-0.013743749,0.17933856,25.60206223
501,9,2030,1.519936681,8.232300758,0.973257065,2.335828781,10.60545731,5.05364418,8.995204926,3.264110088,-0.011347442,0.173107773,25.16814613
502,10,2030,1.468968987,6.158940315,0.971991956,2.368270636,11.41972256,4.111161709,8.812786102,3.376924276,-0.000439984,0.174802199,25.5015583
503,11,2030,1.511493802,7.62712574,0.971556485,2.350697517,12.05985165,4.009117603,8.769350052,3.485064983,0.006770872,0.176845655,25.64202118
504,12,2030,1.516197801,7.810514927,0.971670866,2.34739542,12.08461285,3.997437954,8.65829277,3.4944067,0.006834764,0.177067965,25.50406265
